{
  "ees_overall": 0.9363636363636364,
  "n_tests": 330,
  "by_artifact_type": {
    "access_restriction": {
      "ees": 0.9454545454545454,
      "n": 55
    },
    "allow_pattern": {
      "ees": 0.9333333333333333,
      "n": 15
    },
    "content_filter": {
      "ees": 0.96875,
      "n": 80
    },
    "denied_topics": {
      "ees": 0.9,
      "n": 20
    },
    "deny_pattern": {
      "ees": 0.9,
      "n": 10
    },
    "disabled_tool": {
      "ees": 0.9833333333333333,
      "n": 30
    },
    "grounding_check": {
      "ees": 0.775,
      "n": 20
    },
    "max_value": {
      "ees": 0.95,
      "n": 20
    },
    "pii_detection": {
      "ees": 0.9642857142857143,
      "n": 70
    },
    "rate_limit": {
      "ees": 0.7,
      "n": 10
    }
  },
  "by_target": {
    "claude-code": {
      "ees": 0.9363636363636364,
      "n": 110
    },
    "copilot": {
      "ees": 0.9363636363636364,
      "n": 220
    }
  }
}