{
  "wilcoxon": {
    "statistic": 0.0,
    "p_value": 0.0009765625,
    "significant": true,
    "mean_cc": 0.8286416666666666,
    "mean_cp": 0.6227166666666666
  },
  "spearman_cc": {
    "rho": -0.6324844528802069,
    "p_value": 0.02731369738519341
  },
  "spearman_cp": {
    "rho": -0.1932591383800632,
    "p_value": 0.5473035083949686
  },
  "spearman_combined": {
    "rho": -0.3362387824384348,
    "p_value": 0.10817128887226601
  },
  "chi_squared": {
    "chi2": 161.56375593715745,
    "dof": 2,
    "p_value": 8.258024375529829e-36,
    "significant": true,
    "observed": [
      [
        128,
        59,
        0
      ],
      [
        0,
        33,
        44
      ]
    ]
  }
}